BenefitID,Outcome,ValueMeasurementUnit,BaselineTargetValue,CurrentTargetValue,ActualValue,Source,Owner,StartDate,OriginalEstimatedCompletionDate,CurrentEstimatedCompletionDate,MonitoringPlan,RAGStatus,ProjectSource,BenefitRecordedDate,Narrative,BenefitStage,Location
1,Heritage - Conservation Area Enhanced,Hectare (ha),4936,3600,1743,Source_3,Cody Gardner,08/11/2022,23/10/2023,03/12/2023,Fortnightly,G,Project_Echo,30/06/2023,,In-Progress,"34.8271667495022, -24.702710011869687"
2,Local Community - Disadvantaged Population Better Protected,Pounds [Thousands] per person (£k / person),260,360,496,Source_1,Abigail Reyes,24/07/2023,03/09/2023,25/07/2023,Weekly,R,Project_Echo,21/06/2023,,Not Started,"34.104886441540756, -24.058869826494963"
3,Non-Residential Area (Commerce) - Leisure Centres Created,Number,6,6,2,Source_2,Brandon Wood,29/12/2022,01/06/2023,07/03/2023,Quarterly,G,Project_Golf,13/08/2023,,Completion,"36.783671260946406, -22.066581672314474"
4,Biodiversity - Forests Better Protected,Hectare (ha),245,540,675,Source_3,Andrew Valentine,17/03/2023,16/05/2023,25/03/2023,Weekly,G,Project_Bravo,20/06/2023,,Completion,"31.503556795208436, -27.92261822732204"
5,Non-Residential Area (Utility) - Oil and Gas Storage and Distribution Buildings Created,Number,8,8,4,Source_2,Tracey King,07/02/2023,04/12/2023,11/11/2023,Fortnightly,G,Project_Bravo,20/06/2023,,In-Progress,"31.76902788807994, -27.622716836418064"
6,Local Community - Minorty Population and Inclusivity Enhanced,Pounds [Thousands] per person (£k / person),228,360,253,Source_2,Kenneth Shields,13/08/2023,14/11/2023,29/08/2023,Fortnightly,R,Project_Alpha,25/06/2023,,Not Started,"30.265661131401703, -28.1350019265642"
7,Local Community - Sustainability Enhanced,Pounds [Thousands] per person (£k / person),147,360,54,Source_2,Tonya Rodriguez,24/12/2022,30/10/2023,08/10/2023,Monthly,G,Project_Golf,24/06/2023,,In-Progress,"36.76566204697279, -22.70405834619424"
8,Local Landscape Better Protected,Hectare (ha),1632,1440,1880,Source_1,Tonya Rodriguez,20/01/2023,25/01/2023,31/01/2023,Quarterly,G,Project_Golf,30/08/2023,,Completion,"36.92302756387291, -22.95027400763296"
9,Financial Damages (Environmental) Reduced,Pounds [Thousands] (£k),204,144,134,Source_1,Rodney Moore PhD,21/07/2023,11/11/2023,21/10/2023,Monthly,R,Project_Alpha,22/06/2023,,Not Started,"30.827405033319298, -28.18305271252593"
10,Agricultural Lands Enhanced,Hectare (ha),344,252,182,Source_2,Madison Bennett,10/02/2023,11/03/2023,13/03/2023,Quarterly,G,Project_Charlie,10/09/2023,,Completion,"32.76395791517173, -26.7123579902298"
11,Local Community - Education Enhanced,Pounds [Thousands] per person (£k / person),546,360,497,Source_2,Mariah Sweeney,15/01/2023,02/02/2023,03/02/2023,Weekly,G,Project_Hotel,22/06/2023,,Completion,"37.20567700947601, -21.29074856779302"
12,Local Community - Education Better Protected,Pounds [Thousands] per person (£k / person),546,360,499,Source_1,Rodney Moore PhD,30/11/2022,02/02/2023,03/02/2023,Daily,G,Project_Alpha,19/06/2023,,Completion,"30.581108505771027, -28.170251110050724"
13,Non-Residential Area (Commerce) - Sports Centres Created,Number,5,3,3,Source_1,Andrew Valentine,10/01/2023,16/10/2023,13/09/2023,Weekly,G,Project_Bravo,24/06/2023,,Completion,"31.726138635480197, -27.414740977257903"
14,Local Community - Minorty Population and Inclusivity Enhanced,Pounds [Thousands] per person (£k / person),228,360,182,Source_2,Lori Perez,31/07/2023,14/11/2023,29/08/2023,Weekly,R,Project_Charlie,25/06/2023,,Not Started,"32.9223092537685, -26.05195088426874"
15,Flood Risk (Rivers) Better Protected,Hectare (ha),512,360,487,Source_2,Brianna Little,08/05/2023,19/07/2023,08/07/2023,Fortnightly,G,Project_Delta,30/06/2023,,In-Progress,"33.185054891787615, -25.034491241714562"
16,Transport - Cycle Paths Enhanced,Kilometre (km),279,288,370,Source_4,Marcus Calderon,14/03/2023,28/08/2023,26/07/2023,Weekly,G,Project_Echo,25/06/2023,,Completion,"34.1578780455028, -24.264740104358804"
17,Non-Residential Area (Public Services) - Post Offices Created,Number,9,8,2,Source_2,Melissa Reyes,02/01/2023,13/08/2023,22/09/2023,Fortnightly,G,Project_Hotel,19/06/2023,,Completion,"37.76536544883742, -21.457448018353148"
18,Financial Damages (Lost Opportunity) Reduced,Pounds [Thousands] (£k),217,144,99,Source_4,Jessica Nelson MD,09/12/2022,30/12/2023,21/11/2023,Weekly,G,Project_Echo,22/06/2023,,In-Progress,"34.264625401368704, -24.987294284133746"
19,Local Economy Enhanced,Pounds [Thousands] (£k),149,360,181,Source_3,Samuel Curry,21/12/2022,10/06/2023,01/06/2023,Monthly,G,Project_Foxtrot,25/06/2023,,Completion,"35.34787031855875, -23.947490490698446"
20,Residential Area - Mobile Homes Enhanced,Number,824,1080,785,Source_1,Lori Perez,04/08/2023,07/11/2023,05/11/2023,Monthly,R,Project_Charlie,25/06/2023,,Not Started,"32.00997349152252, -26.61348773166183"
21,Non-Residential Area (Public Services) - Nurseries Created,Number,4,4,3,Source_2,Mckenzie Browning,24/11/2022,05/01/2023,23/12/2022,Weekly,G,Project_Delta,24/06/2023,,Completion,"33.11726855262631, -25.4763947906281"
22,Non-Residential Area (Public Services) - Fire Stations Enhanced,Number,3,2,2,Source_2,Tonya Rodriguez,10/04/2023,24/07/2023,25/09/2023,Fortnightly,G,Project_Golf,29/06/2023,,In-Progress,"36.523773533895366, -22.19752514261035"
23,Non-Residential Area (Public Services) - Schools (Primary) Created,Number,0,3,3,Source_1,Ana Jones,26/01/2023,09/08/2023,21/07/2023,Monthly,G,Project_Golf,20/06/2023,,In-Progress,"36.29382758156347, -22.29122155041612"
24,Transport - Foot Paths Enhanced,Kilometre (km),164,288,307,Source_2,Larry Sullivan,19/02/2023,29/11/2023,24/11/2023,Fortnightly,G,Project_Alpha,19/06/2023,,In-Progress,"30.143489528604338, -28.312985538415187"
25,Heritage - Conservation Area Better Protected,Hectare (ha),4936,3600,3491,Source_2,Melissa Reyes,08/05/2023,23/10/2023,03/12/2023,Quarterly,G,Project_Hotel,24/08/2023,,In-Progress,"37.71631033763604, -21.849058032226708"
26,Local Community - Education Enhanced,Pounds [Thousands] per person (£k / person),546,360,33,Source_1,Brandon Wood,10/01/2023,02/02/2023,03/02/2023,Monthly,G,Project_Golf,27/06/2023,,Completion,"36.17945965793207, -22.366369170960127"
27,Non-Residential Area (Commerce) - Shops Better Protected,Number,215,144,51,Source_5,Juan Ramirez,11/11/2022,16/03/2023,18/03/2023,Fortnightly,G,Project_Hotel,28/06/2023,,Completion,"37.758632298437554, -21.2416279251556"
28,Residential Area - Houses Created,Number,4114,3600,2091,Source_1,Tracey King,31/03/2023,09/09/2023,08/10/2023,Quarterly,G,Project_Bravo,19/06/2023,,Completion,"31.31534357628231, -27.018444577480654"
29,Non-Residential Area (Commerce) - Shops Enhanced,Number,215,144,50,Source_2,Samuel Curry,30/11/2022,16/03/2023,18/03/2023,Quarterly,G,Project_Foxtrot,26/08/2023,,Completion,"35.85279452775147, -23.959630219909307"
30,Non-Residential Area (Administrative) - Administrative Buildings Created,Number,4,3,1,Source_2,Mrs. Amy Roberts,28/01/2023,01/03/2023,18/02/2023,Quarterly,G,Project_Hotel,26/08/2023,,Completion,"37.50528228138198, -21.588734639324446"
31,Transport - Local Roads Better Protected,Kilometre (km),437,360,50,Source_2,Tonya Rodriguez,29/04/2023,16/06/2023,16/05/2023,Quarterly,G,Project_Golf,14/08/2023,,Completion,"36.03315614763421, -22.978884355879273"
32,Non-Residential Area (Public Services) - Schools (Secondary) Enhanced,Number,3,2,2,Source_2,Darius Hernandez,06/05/2023,03/07/2023,13/06/2023,Monthly,R,Project_Delta,12/07/2023,,In-Progress,"33.67479964955568, -25.532699384022376"
33,Residential Area - Mobile Homes Created,Number,824,1080,1059,Source_2,Brianna Little,11/05/2023,07/11/2023,05/11/2023,Monthly,G,Project_Delta,04/07/2023,,In-Progress,"33.85706665830159, -25.871084381706122"
34,Transport - Foot Paths Created,Kilometre (km),164,288,79,Source_2,Andrew Valentine,26/02/2023,29/11/2023,24/11/2023,Monthly,G,Project_Bravo,01/07/2023,,Completion,"31.31325040875806, -27.835674255213245"
35,Non-Residential Area (Commerce) - Leisure Centres Created,Number,6,6,7,Source_5,Mrs. Amy Roberts,06/02/2023,01/06/2023,07/03/2023,Fortnightly,G,Project_Hotel,02/07/2023,,Completion,"37.37517425977756, -21.32882430437769"
36,Non-Residential Area (Commerce) - Sports Centres Enhanced,Number,5,3,4,Source_1,Madison Bennett,11/08/2023,16/10/2023,13/09/2023,Fortnightly,R,Project_Charlie,26/06/2023,,Not Started,"32.99361150476259, -26.399077045803075"
37,Biodiversity - Forests Better Protected,Hectare (ha),245,540,678,Source_2,Darius Hernandez,21/02/2023,16/05/2023,25/03/2023,Monthly,G,Project_Delta,13/07/2023,,Completion,"33.92496566607486, -25.138917942869003"
38,Local Community - Physical health Enhanced,Pounds [Thousands] per person (£k / person),306,360,303,Source_3,Mariah Sweeney,09/01/2023,06/05/2023,16/06/2023,Weekly,G,Project_Hotel,20/06/2023,,Completion,"37.68738258149239, -21.988804758211582"
39,Local Community - Mental health Better Protected,Pounds [Thousands] per person (£k / person),416,360,20,Source_1,Johnny Hernandez DDS,07/02/2023,30/11/2023,19/11/2023,Daily,G,Project_Bravo,19/06/2023,,In-Progress,"31.616057172084762, -27.906367054905456"
40,Biodiversity - Rivers Better Protected,Kilometre (km),364,432,330,Source_2,Abigail Reyes,16/10/2022,09/12/2023,27/11/2023,Weekly,G,Project_Echo,24/06/2023,,In-Progress,"34.1084918156703, -24.907412912923068"
41,Financial Damages (Environmental) Reduced,Pounds [Thousands] (£k),204,144,82,Source_1,Samuel Curry,21/10/2022,11/11/2023,21/10/2023,Weekly,G,Project_Foxtrot,25/06/2023,,In-Progress,"35.05048009446853, -23.211847177492704"
42,Non-Residential Area (Transport) - Train Stations Created,Number,15,11,14,Source_4,Mariah Sweeney,27/11/2022,22/01/2023,18/01/2023,Monthly,G,Project_Hotel,02/07/2023,,Completion,"37.5067691212784, -21.611853178598437"
43,Transport - Foot Paths Created,Kilometre (km),164,288,99,Source_2,Ana Jones,28/04/2023,29/11/2023,24/11/2023,Weekly,G,Project_Golf,22/06/2023,,Completion,"36.41969820082362, -22.165963032298897"
44,Residential Area - Mixed Created,Number,4316,5040,4669,Source_2,Ana Jones,16/02/2023,05/07/2023,15/06/2023,Monthly,G,Project_Golf,09/07/2023,,Completion,"36.40890869883238, -22.036790054325568"
45,Non-Residential Area (Public Services) - Police Stations Enhanced,Number,3,2,2,Source_2,Johnny Hernandez DDS,31/07/2023,28/10/2023,08/11/2023,Weekly,R,Project_Bravo,23/06/2023,,Not Started,"31.14961956376859, -27.42799775828204"
46,Flood Risk (Coastal) Better Protected,Hectare (ha),370,288,387,Source_2,Brianna Little,30/10/2022,05/12/2023,27/11/2023,Weekly,G,Project_Delta,22/06/2023,,Completion,"33.03105340011536, -25.48304179983091"
47,Agricultural Lands Enhanced,Hectare (ha),344,252,67,Source_3,Tracey King,08/02/2023,11/03/2023,13/03/2023,Monthly,G,Project_Bravo,25/06/2023,,Completion,"31.67025548994572, -27.177320630090907"
48,Transport - Foot Paths Enhanced,Kilometre (km),164,288,366,Source_3,Brianna Little,13/07/2023,29/11/2023,24/11/2023,Fortnightly,R,Project_Delta,24/06/2023,,Not Started,"33.69663793417364, -25.525173075275"
49,Non-Residential Area (Transport) - Bus Stations Enhanced,Number,69,58,64,Source_1,Samuel Curry,30/12/2022,14/10/2023,30/09/2023,Fortnightly,G,Project_Foxtrot,28/06/2023,,Completion,"35.63106502524079, -23.156620271597475"
50,Biodiversity - Coastal Better Protected,Hectare (ha),489,576,418,Source_2,Brandon Wood,01/06/2023,26/08/2023,20/08/2023,Fortnightly,G,Project_Golf,19/06/2023,,In-Progress,"36.99217409263731, -22.129041684080168"
51,Non-Residential Area (Transport) - Ports and Harbours Better Protected,Number,0,2,0,Source_3,Brianna Little,22/03/2023,26/10/2023,19/11/2023,Fortnightly,G,Project_Delta,02/07/2023,,Completion,"33.06584410282519, -25.61571923748114"
52,Non-Residential Area (Public Services) - Schools (Secondary) Created,Number,3,2,2,Source_3,James Walters,24/12/2022,03/07/2023,13/06/2023,Daily,G,Project_Foxtrot,19/06/2023,,Completion,"35.79855101603436, -23.581329003250897"
53,Biodiversity - Coastal Better Protected,Hectare (ha),489,576,393,Source_2,Mckenzie Browning,08/07/2023,26/08/2023,20/08/2023,Monthly,A,Project_Delta,19/06/2023,,Not Started,"33.41020856022737, -25.41818400986653"
54,Non-Residential Area (Public Services) - GP Surgeries Better Protected,Number,3,3,1,Source_2,Kenneth Shields,12/12/2022,17/09/2023,24/10/2023,Weekly,G,Project_Alpha,24/06/2023,,In-Progress,"30.158918884050287, -28.883505168054747"
55,Local Landscape Better Protected,Hectare (ha),1632,1440,700,Source_2,Mckenzie Browning,28/12/2022,25/01/2023,31/01/2023,Fortnightly,G,Project_Delta,22/06/2023,,Completion,"33.892324933119525, -25.54878714233229"
56,Non-Residential Area (Public Services) - Police Stations Created,Number,3,2,2,Source_1,Abigail Reyes,19/12/2022,28/10/2023,08/11/2023,Monthly,G,Project_Echo,28/06/2023,,In-Progress,"34.5456343733433, -24.804742785902835"
57,Residential Area - Flats Created,Number,1741,3240,3266,Source_1,Johnny Hernandez DDS,11/01/2023,23/06/2023,08/08/2023,Fortnightly,G,Project_Bravo,28/06/2023,,Completion,"31.319719361935945, -27.607068898686492"
58,Non-Residential Area (Industry) - Offices Created,Number,127,216,208,Source_4,Jessica Nelson MD,18/01/2023,24/02/2023,07/03/2023,Fortnightly,G,Project_Echo,26/06/2023,,Completion,"34.73906928800329, -24.405425709589817"
59,Transport - Local Roads Better Protected,Kilometre (km),437,360,213,Source_2,Mariah Sweeney,06/04/2023,16/06/2023,16/05/2023,Weekly,G,Project_Hotel,24/06/2023,,Completion,"37.08599804384306, -21.25497743177033"
60,Non-Residential Area (Public Services) - GP Surgeries Created,Number,3,3,0,Source_3,Juan Ramirez,03/07/2023,17/09/2023,24/10/2023,Weekly,R,Project_Hotel,20/06/2023,,Not Started,"37.964880017007836, -21.013822384990338"
61,Local Community - Disadvantaged Population Better Protected,Pounds [Thousands] per person (£k / person),260,360,325,Source_1,Larry Sullivan,23/01/2023,03/09/2023,25/07/2023,Monthly,G,Project_Alpha,27/06/2023,,In-Progress,"30.75368674943076, -28.258000346989064"
62,Non-Residential Area (Commerce) - Swimming Pools Better Protected,Number,5,3,1,Source_2,Evelyn Guzman,31/12/2022,24/06/2023,07/07/2023,Daily,G,Project_Foxtrot,19/06/2023,,Completion,"35.907971695928474, -23.7134602178054"
63,Non-Residential Area (Industry) - Warehouses Better Protected,Number,46,36,39,Source_2,Marcus Calderon,03/06/2023,21/08/2023,23/10/2023,Weekly,G,Project_Echo,22/06/2023,,In-Progress,"34.068752319828825, -24.37945728893015"
64,Transport - Local Roads Enhanced,Kilometre (km),437,360,344,Source_2,Jessica Nelson MD,23/04/2023,16/06/2023,16/05/2023,Fortnightly,G,Project_Echo,21/06/2023,,Completion,"34.93225515564474, -24.203490011754397"
65,Local Community - Physical health Enhanced,Pounds [Thousands] per person (£k / person),306,360,413,Source_2,Marcus Calderon,15/12/2022,06/05/2023,16/06/2023,Weekly,G,Project_Echo,20/06/2023,,In-Progress,"34.858346990613924, -24.63590617996822"
66,Transport - Cycle Paths Enhanced,Kilometre (km),279,288,192,Source_1,Larry Sullivan,11/12/2022,28/08/2023,26/07/2023,Fortnightly,G,Project_Alpha,25/06/2023,,In-Progress,"30.120036191275066, -28.881388553449025"
67,Non-Residential Area (Utility) - Oil and Gas Storage and Distribution Buildings Enhanced,Number,8,8,5,Source_2,Lori Perez,09/03/2023,04/12/2023,11/11/2023,Fortnightly,G,Project_Charlie,24/06/2023,,In-Progress,"32.995140501848894, -26.732920976971602"
68,Non-Residential Area (Industry) - Offices Created,Number,127,216,171,Source_2,Johnny Hernandez DDS,20/02/2023,24/02/2023,07/03/2023,Monthly,G,Project_Bravo,14/07/2023,,Completion,"31.306492692037146, -27.31592821122197"
69,Non-Residential Area (Public Services) - Libraries Better Protected,Number,7,6,5,Source_1,Lori Perez,07/04/2023,19/06/2023,09/07/2023,Weekly,A,Project_Charlie,22/06/2023,,In-Progress,"32.72278130754089, -26.912419153660988"
70,Non-Residential Area (Utility) - Power and Sub-Station Structures Created,Number,9,15,0,Source_2,Kenneth Shields,08/02/2023,22/12/2023,20/11/2023,Fortnightly,G,Project_Alpha,22/06/2023,,Completion,"30.820725623680264, -28.668067934435562"
71,Local Community - Physical health Better Protected,Pounds [Thousands] per person (£k / person),306,360,481,Source_1,Larry Sullivan,14/02/2023,06/05/2023,16/06/2023,Weekly,G,Project_Alpha,20/06/2023,,Completion,"30.671085803198572, -28.41835080777176"
72,Non-Residential Area (Public Services) - GP Surgeries Enhanced,Number,3,3,0,Source_3,Marcus Calderon,01/11/2022,17/09/2023,24/10/2023,Fortnightly,G,Project_Echo,21/06/2023,,Completion,"34.13431514890194, -24.90091896875174"
73,Non-Residential Area (Public Services) - Libraries Enhanced,Number,7,6,8,Source_3,Samuel Curry,25/04/2023,19/06/2023,09/07/2023,Daily,G,Project_Foxtrot,19/06/2023,,In-Progress,"35.95037427632747, -23.701527983798147"
74,Financial Damages (Environmental) Reduced,Pounds [Thousands] (£k),204,144,155,Source_2,Darius Hernandez,29/07/2023,11/11/2023,21/10/2023,Monthly,R,Project_Delta,14/07/2023,,Not Started,"33.969293597968615, -25.100522195506333"
75,Non-Residential Area (Public Services) - Schools (Secondary) Created,Number,3,2,2,Source_1,Alexis Hernandez,13/04/2023,03/07/2023,13/06/2023,Weekly,G,Project_Charlie,25/06/2023,,Completion,"32.73308552507834, -26.691651723392667"
76,Non-Residential Area (Public Services) - Fire Stations Enhanced,Number,3,2,2,Source_2,Brianna Little,04/07/2023,24/07/2023,25/09/2023,Daily,A,Project_Delta,19/06/2023,,Not Started,"33.279409387167874, -25.404396434387465"
77,Financial Damages (Lost Opportunity) Reduced,Pounds [Thousands] (£k),217,144,2,Source_2,Meredith Abbott,25/11/2022,30/12/2023,21/11/2023,Weekly,G,Project_Foxtrot,22/06/2023,,Completion,"35.40134013063849, -23.704920820934205"
78,Local Community - Education Enhanced,Pounds [Thousands] per person (£k / person),546,360,286,Source_1,Andrew Valentine,01/01/2023,02/02/2023,03/02/2023,Daily,G,Project_Bravo,19/06/2023,,Completion,"31.869836467233576, -27.6385422725356"
79,Transport - Cycle Paths Created,Kilometre (km),279,288,144,Source_1,Meredith Abbott,19/04/2023,28/08/2023,26/07/2023,Fortnightly,G,Project_Foxtrot,01/07/2023,,In-Progress,"35.642363190723934, -23.956833779757133"
80,Non-Residential Area (Commerce) - Swimming Pools Better Protected,Number,5,3,1,Source_2,Tonya Rodriguez,24/04/2023,24/06/2023,07/07/2023,Daily,G,Project_Golf,19/06/2023,,Completion,"36.85047881267194, -22.032688768340396"
81,Non-Residential Area (Utility) - Water and Sewage Treatment Buildings Better Protected,Number,10,8,0,Source_2,Larry Sullivan,02/01/2023,08/11/2023,16/12/2023,Weekly,G,Project_Alpha,21/06/2023,,Completion,"30.281535842914266, -28.832183256152383"
82,Agricultural Lands Better Protected,Hectare (ha),344,252,179,Source_2,Evelyn Guzman,03/01/2023,11/03/2023,13/03/2023,Fortnightly,G,Project_Foxtrot,27/06/2023,,Completion,"35.65576509087628, -23.118697930427814"
83,Non-Residential Area (Public Services) - Police Stations Better Protected,Number,3,2,2,Source_1,Kenneth Shields,24/06/2023,28/10/2023,08/11/2023,Fortnightly,R,Project_Alpha,02/07/2023,,Not Started,"30.874077732557666, -28.864580733732673"
84,Local Community - Sustainability Better Protected,Pounds [Thousands] per person (£k / person),147,360,428,Source_1,Alexis Hernandez,15/08/2023,30/10/2023,08/10/2023,Fortnightly,R,Project_Charlie,21/06/2023,,Not Started,"32.28241058464999, -26.077556022606025"
85,Non-Residential Area (Industry) - Warehouses Enhanced,Number,46,36,33,Source_3,Tracey King,05/03/2023,21/08/2023,23/10/2023,Monthly,G,Project_Bravo,08/07/2023,,In-Progress,"31.857858347049742, -27.227190042182908"
86,Non-Residential Area (Public Services) - Hospitals Better Protected,Number,0,3,3,Source_2,Mckenzie Browning,20/05/2023,07/11/2023,19/09/2023,Fortnightly,G,Project_Delta,30/06/2023,,In-Progress,"33.77296387109223, -25.436308830945976"
87,Non-Residential Area (Transport) - Bus Stations Created,Number,69,58,79,Source_2,Larry Sullivan,17/11/2022,14/10/2023,30/09/2023,Weekly,G,Project_Alpha,20/06/2023,,Completion,"30.472786698007727, -28.494772389831496"
88,Non-Residential Area (Industry) - Warehouses Better Protected,Number,46,36,30,Source_1,Brandon Wood,11/04/2023,21/08/2023,23/10/2023,Daily,G,Project_Golf,19/06/2023,,In-Progress,"36.44934490998029, -22.94566742395673"
89,Heritage - Conservation Area Better Protected,Hectare (ha),4936,3600,2651,Source_2,Ana Jones,19/01/2023,23/10/2023,03/12/2023,Fortnightly,G,Project_Golf,27/06/2023,,Completion,"36.9748579203114, -22.392542832303473"
90,Local Landscape Better Protected,Hectare (ha),1632,1440,696,Source_2,Juan Ramirez,28/12/2022,25/01/2023,31/01/2023,Weekly,G,Project_Hotel,25/06/2023,,Completion,"37.09528043729098, -21.13790521904668"
91,Non-Residential Area (Industry) - Warehouses Enhanced,Number,46,36,29,Source_2,Kenneth Shields,03/11/2022,21/08/2023,23/10/2023,Fortnightly,G,Project_Alpha,23/06/2023,,Completion,"30.42988584318166, -28.830469483740053"
92,Non-Residential Area (Industry) - Offices Created,Number,127,216,49,Source_2,Meredith Abbott,18/10/2022,24/02/2023,07/03/2023,Monthly,G,Project_Foxtrot,12/07/2023,,Completion,"35.0244316060847, -23.173268619718247"
93,Residential Area - Mobile Homes Created,Number,824,1080,1435,Source_1,Jessica Nelson MD,23/02/2023,07/11/2023,05/11/2023,Fortnightly,G,Project_Echo,26/06/2023,,In-Progress,"34.31020721754319, -24.835322593656517"
94,Local Community - Education Better Protected,Pounds [Thousands] per person (£k / person),546,360,103,Source_2,Jessica Nelson MD,12/12/2022,02/02/2023,03/02/2023,Weekly,G,Project_Echo,25/06/2023,,Completion,"34.295211467831066, -24.995311944096347"
95,Non-Residential Area (Public Services) - Schools (Primary) Created,Number,0,3,0,Source_2,Brianna Little,10/04/2023,09/08/2023,21/07/2023,Monthly,G,Project_Delta,11/07/2023,,Completion,"33.340050916376285, -25.9597724163297"
96,Transport - Railway Lines Enhanced,Kilometre (km),307,216,292,Source_4,Jessica Nelson MD,02/02/2023,28/04/2023,09/03/2023,Weekly,G,Project_Echo,19/06/2023,,Completion,"34.763704476053114, -24.47254965006845"
97,Transport - Railway Lines Enhanced,Kilometre (km),307,216,86,Source_2,Brianna Little,12/11/2022,28/04/2023,09/03/2023,Daily,G,Project_Delta,19/06/2023,,Completion,"33.79636163719551, -25.628054019523677"
98,Transport - Local Roads Enhanced,Kilometre (km),437,360,301,Source_2,Evelyn Guzman,11/04/2023,16/06/2023,16/05/2023,Quarterly,R,Project_Foxtrot,16/09/2023,,In-Progress,"35.276085597690816, -23.3799900897851"
99,Non-Residential Area (Commerce) - Swimming Pools Created,Number,5,3,1,Source_2,Rodney Moore PhD,12/03/2023,24/06/2023,07/07/2023,Fortnightly,A,Project_Alpha,24/06/2023,,In-Progress,"30.522374716849598, -28.72240465121885"
100,Agricultural Lands Better Protected,Hectare (ha),344,252,197,Source_1,Brandon Wood,09/02/2023,11/03/2023,13/03/2023,Daily,G,Project_Golf,19/06/2023,,Completion,"36.81445319096396, -22.893759148838953"
101,Non-Residential Area (Transport) - Ports and Harbours Enhanced,Number,0,2,0,Source_2,Ana Jones,26/01/2023,26/10/2023,19/11/2023,Fortnightly,G,Project_Golf,22/06/2023,,Completion,"36.45982821712203, -22.3947950310712"
102,Local Community - Mental health Enhanced,Pounds [Thousands] per person (£k / person),416,360,318,Source_1,Lori Perez,16/11/2023,30/11/2023,19/11/2023,Weekly,R,Project_Charlie,21/06/2023,,Not Started,"32.55530549610284, -26.07805159464168"
103,Residential Area - Houses Better Protected,Number,4114,3600,2757,Source_1,Mckenzie Browning,09/07/2023,09/09/2023,08/10/2023,Fortnightly,R,Project_Delta,27/06/2023,,Not Started,"33.478565566822596, -25.291661104019305"
104,Non-Residential Area (Transport) - Bus Stations Better Protected,Number,69,58,1,Source_1,Brittney Johnson,03/08/2023,14/10/2023,30/09/2023,Weekly,A,Project_Charlie,19/06/2023,,Not Started,"32.56777547541736, -26.128323846637322"
105,Biodiversity - Forests Better Protected,Hectare (ha),245,540,472,Source_2,Larry Sullivan,06/01/2023,16/05/2023,25/03/2023,Fortnightly,R,Project_Alpha,24/06/2023,,In-Progress,"30.977164083062842, -28.797942693219593"
106,Biodiversity - Coastal Better Protected,Hectare (ha),489,576,218,Source_2,Rachel Smith,30/04/2023,26/08/2023,20/08/2023,Fortnightly,G,Project_Charlie,27/06/2023,,Completion,"32.614694429204015, -26.425394094681856"
107,Non-Residential Area (Public Services) - Post Offices Created,Number,9,8,10,Source_1,James Walters,27/02/2023,13/08/2023,22/09/2023,Daily,G,Project_Foxtrot,19/06/2023,,In-Progress,"35.6620255081212, -23.005697894246474"
108,Local Community - Mental health Better Protected,Pounds [Thousands] per person (£k / person),416,360,295,Source_1,Jessica Nelson MD,16/03/2023,30/11/2023,19/11/2023,Fortnightly,G,Project_Echo,29/06/2023,,In-Progress,"34.55363058681013, -24.334391282865496"
109,Non-Residential Area (Public Services) - Police Stations Better Protected,Number,3,2,1,Source_2,Brandon Wood,24/01/2023,28/10/2023,08/11/2023,Weekly,G,Project_Golf,21/06/2023,,In-Progress,"36.21410948450838, -22.481427582885008"
110,Non-Residential Area (Industry) - Offices Created,Number,127,216,64,Source_2,Brianna Little,26/11/2022,24/02/2023,07/03/2023,Weekly,G,Project_Delta,22/06/2023,,Completion,"33.85959644179427, -25.587547477121497"
111,Biodiversity - Rivers Better Protected,Kilometre (km),364,432,187,Source_1,Tracey King,04/09/2023,09/12/2023,27/11/2023,Weekly,R,Project_Bravo,24/06/2023,,Not Started,"31.120662342396393, -27.146195224939884"
112,Non-Residential Area (Commerce) - Shops Enhanced,Number,215,144,105,Source_1,Rodney Moore PhD,16/11/2022,16/03/2023,18/03/2023,Weekly,G,Project_Alpha,23/06/2023,,Completion,"30.871174598910216, -28.050887297772693"
113,Non-Residential Area (Public Services) - Schools (Primary) Better Protected,Number,0,3,2,Source_2,Marcus Calderon,14/04/2023,09/08/2023,21/07/2023,Monthly,G,Project_Echo,12/07/2023,,In-Progress,"34.40083760113608, -24.990521526820817"
114,Non-Residential Area (Administrative) - Administrative Buildings Created,Number,4,3,1,Source_1,Cody Gardner,02/12/2022,01/03/2023,18/02/2023,Weekly,G,Project_Echo,23/06/2023,,Completion,"34.0423070464812, -24.816594157518708"
115,Local Community - Sustainability Better Protected,Pounds [Thousands] per person (£k / person),147,360,12,Source_2,Evelyn Guzman,06/08/2023,30/10/2023,08/10/2023,Fortnightly,R,Project_Foxtrot,26/06/2023,,Not Started,"35.901938083462134, -23.04839843819996"
116,Non-Residential Area (Public Services) - Hospitals Created,Number,0,3,2,Source_2,Cody Gardner,27/04/2023,07/11/2023,19/09/2023,Fortnightly,G,Project_Echo,28/06/2023,,In-Progress,"34.32593501700914, -24.97689516820612"
117,Non-Residential Area (Public Services) - Post Offices Enhanced,Number,9,8,1,Source_3,Jessica Nelson MD,18/10/2022,13/08/2023,22/09/2023,Quarterly,G,Project_Echo,17/07/2023,,In-Progress,"34.545934491307015, -24.881819362406617"
118,Non-Residential Area (Public Services) - Nurseries Created,Number,4,4,3,Source_4,Marcus Calderon,21/12/2022,05/01/2023,23/12/2022,Weekly,G,Project_Echo,19/06/2023,,Completion,"34.67509319632973, -24.40435231616936"
119,Local Economy Enhanced,Pounds [Thousands] (£k),149,360,233,Source_1,Larry Sullivan,02/02/2023,10/06/2023,01/06/2023,Weekly,R,Project_Alpha,24/06/2023,,In-Progress,"30.78192425992614, -28.91495550432603"
120,Local Community - Education Enhanced,Pounds [Thousands] per person (£k / person),546,360,457,Source_3,James Walters,25/10/2022,02/02/2023,03/02/2023,Fortnightly,G,Project_Foxtrot,25/06/2023,,Completion,"35.47116679122427, -23.97257230226018"
121,Non-Residential Area (Public Services) - Libraries Enhanced,Number,7,6,2,Source_3,Johnny Hernandez DDS,23/05/2023,19/06/2023,09/07/2023,Fortnightly,G,Project_Bravo,30/06/2023,,Completion,"31.94851362762982, -27.710814016773423"
122,Transport - Cycle Paths Better Protected,Kilometre (km),279,288,168,Source_2,Johnny Hernandez DDS,03/04/2023,28/08/2023,26/07/2023,Weekly,G,Project_Bravo,20/06/2023,,Completion,"31.930950147613085, -27.620180745751753"
123,Biodiversity - Forests Better Protected,Hectare (ha),245,540,56,Source_1,Evelyn Guzman,27/02/2023,16/05/2023,25/03/2023,Weekly,R,Project_Foxtrot,20/06/2023,,In-Progress,"35.6833703211501, -23.605616315145117"
124,Non-Residential Area (Commerce) - Sports Centres Better Protected,Number,5,3,3,Source_5,Melissa Reyes,19/11/2022,16/10/2023,13/09/2023,Fortnightly,G,Project_Hotel,22/06/2023,,Completion,"37.078959153743085, -21.60263227522462"
125,Local Community - Sustainability Enhanced,Pounds [Thousands] per person (£k / person),147,360,19,Source_3,Mckenzie Browning,29/12/2022,30/10/2023,08/10/2023,Fortnightly,G,Project_Delta,01/07/2023,,Completion,"33.72950133996524, -25.014985575048005"
126,Transport - Local Roads Better Protected,Kilometre (km),437,360,236,Source_1,Alexis Hernandez,20/04/2023,16/06/2023,16/05/2023,Daily,G,Project_Charlie,19/06/2023,,Completion,"32.86576846546217, -26.411417988947782"
127,Agricultural Lands Better Protected,Hectare (ha),344,252,204,Source_4,Mrs. Amy Roberts,02/03/2023,11/03/2023,13/03/2023,Weekly,G,Project_Hotel,23/06/2023,,Completion,"37.56530312650856, -21.47146163906474"
128,Non-Residential Area (Public Services) - Hospitals Better Protected,Number,0,3,2,Source_1,Ana Jones,19/08/2023,07/11/2023,19/09/2023,Daily,A,Project_Golf,19/06/2023,,Not Started,"36.735505216566445, -22.40738779307214"
129,Non-Residential Area (Utility) - Water and Sewage Treatment Buildings Enhanced,Number,10,8,7,Source_3,Johnny Hernandez DDS,10/07/2023,08/11/2023,16/12/2023,Fortnightly,R,Project_Bravo,28/06/2023,,Not Started,"31.68697237591949, -27.08650933723983"
130,Residential Area - Mobile Homes Enhanced,Number,824,1080,49,Source_2,Tonya Rodriguez,08/05/2023,07/11/2023,05/11/2023,Monthly,G,Project_Golf,08/07/2023,,In-Progress,"36.60436647161306, -22.177040675737047"
131,Heritage - Conservation Area Enhanced,Hectare (ha),4936,3600,2919,Source_2,Johnny Hernandez DDS,25/12/2022,23/10/2023,03/12/2023,Daily,G,Project_Bravo,19/06/2023,,Completion,"31.36071459764347, -27.804961303883335"
132,Non-Residential Area (Public Services) - Fire Stations Enhanced,Number,3,2,1,Source_1,Lori Perez,22/03/2023,24/07/2023,25/09/2023,Weekly,G,Project_Charlie,22/06/2023,,Completion,"32.96707836619595, -26.28689491517258"
133,Non-Residential Area (Utility) - Water and Sewage Treatment Buildings Created,Number,10,8,2,Source_1,James Walters,13/10/2023,08/11/2023,16/12/2023,Weekly,R,Project_Foxtrot,24/06/2023,,Not Started,"35.165049021224625, -23.477202280267797"
134,Non-Residential Area (Public Services) - Post Offices Created,Number,9,8,6,Source_1,Andrew Valentine,05/08/2023,13/08/2023,22/09/2023,Weekly,R,Project_Bravo,23/06/2023,,Not Started,"31.95568088574525, -27.146853405072914"
135,Local Community - Mental health Enhanced,Pounds [Thousands] per person (£k / person),416,360,354,Source_2,Kenneth Shields,20/05/2023,30/11/2023,19/11/2023,Daily,G,Project_Alpha,19/06/2023,,In-Progress,"30.05213658220596, -28.05152237291995"
136,Local Landscape Enhanced,Hectare (ha),1632,1440,415,Source_2,Johnny Hernandez DDS,02/01/2023,25/01/2023,31/01/2023,Weekly,G,Project_Bravo,24/06/2023,,Completion,"31.659431483763814, -27.84715222841656"
137,Flood Risk (Coastal) Better Protected,Hectare (ha),370,288,57,Source_2,Evelyn Guzman,04/08/2023,05/12/2023,27/11/2023,Monthly,R,Project_Foxtrot,27/06/2023,,Not Started,"35.54454353495825, -23.04876050993051"
138,Residential Area - Houses Enhanced,Number,4114,3600,3418,Source_2,Mariah Sweeney,01/03/2023,09/09/2023,08/10/2023,Weekly,G,Project_Hotel,20/06/2023,,In-Progress,"37.2231968956236, -21.29884761135895"
139,Non-Residential Area (Public Services) - Libraries Created,Number,7,6,0,Source_2,Melissa Reyes,21/02/2023,19/06/2023,09/07/2023,Fortnightly,G,Project_Hotel,22/06/2023,,Completion,"37.771608661244954, -21.11172729609079"
140,Non-Residential Area (Utility) - Power and Sub-Station Structures Enhanced,Number,9,15,15,Source_1,Juan Ramirez,23/07/2023,22/12/2023,20/11/2023,Fortnightly,R,Project_Hotel,25/06/2023,,Not Started,"37.01862390592455, -21.622714784363275"
141,Local Economy Enhanced,Pounds [Thousands] (£k),149,360,196,Source_3,Cody Gardner,23/03/2023,10/06/2023,01/06/2023,Monthly,G,Project_Echo,17/07/2023,,Completion,"34.280939730083844, -24.849482626656204"
142,Residential Area - Mobile Homes Better Protected,Number,824,1080,71,Source_2,Andrew Valentine,03/09/2023,07/11/2023,05/11/2023,Fortnightly,R,Project_Bravo,28/06/2023,,Not Started,"31.084413829416864, -27.377069440954642"
143,Residential Area - Flats Created,Number,1741,3240,606,Source_1,Brandon Wood,28/12/2022,23/06/2023,08/08/2023,Monthly,G,Project_Golf,05/07/2023,,Completion,"36.47289137538178, -22.067779767760044"
144,Local Community - Mental health Enhanced,Pounds [Thousands] per person (£k / person),416,360,436,Source_2,Brandon Wood,09/10/2023,30/11/2023,19/11/2023,Fortnightly,R,Project_Golf,26/06/2023,,Not Started,"36.19329165152707, -22.1808733065329"
145,Transport - Railway Lines Better Protected,Kilometre (km),307,216,204,Source_1,Johnny Hernandez DDS,18/02/2023,28/04/2023,09/03/2023,Weekly,G,Project_Bravo,25/06/2023,,Completion,"31.689169452778305, -27.566825148142787"
146,Non-Residential Area (Public Services) - Nurseries Better Protected,Number,4,4,0,Source_1,Johnny Hernandez DDS,20/12/2022,05/01/2023,23/12/2022,Monthly,G,Project_Bravo,14/07/2023,,Completion,"31.7740749183443, -27.696664999428513"
147,Heritage - Listed Building Better Protected,Number,0,1,1,Source_2,Rodney Moore PhD,17/01/2023,16/05/2023,05/05/2023,Monthly,G,Project_Alpha,12/07/2023,,Completion,"30.285669200300216, -28.711661574054506"
148,Non-Residential Area (Industry) - Offices Created,Number,127,216,125,Source_2,Rodney Moore PhD,08/01/2023,24/02/2023,07/03/2023,Fortnightly,G,Project_Alpha,02/07/2023,,Completion,"30.020646442495117, -28.707110463888576"
149,Agricultural Lands Better Protected,Hectare (ha),344,252,296,Source_4,Cody Gardner,08/02/2023,11/03/2023,13/03/2023,Quarterly,G,Project_Echo,15/07/2023,,Completion,"34.23595827714492, -24.2414330416385"
150,Transport - Local Roads Enhanced,Kilometre (km),437,360,381,Source_3,Tracey King,08/04/2023,16/06/2023,16/05/2023,Fortnightly,G,Project_Bravo,01/07/2023,,Completion,"31.689111831430687, -27.133464242706523"
151,Non-Residential Area (Industry) - Warehouses Enhanced,Number,46,36,2,Source_3,Laura Turner,09/06/2023,21/08/2023,23/10/2023,Weekly,G,Project_Delta,25/06/2023,,In-Progress,"33.26577226755515, -25.63962988493774"
152,Non-Residential Area (Utility) - Telecom Structures Better Protected,Number,130,144,40,Source_1,Abigail Reyes,26/12/2022,30/05/2023,23/05/2023,Daily,G,Project_Echo,19/06/2023,,Completion,"34.901793998806724, -24.029657370909007"
153,Transport - Foot Paths Created,Kilometre (km),164,288,275,Source_4,Melissa Reyes,13/07/2023,29/11/2023,24/11/2023,Monthly,R,Project_Hotel,10/07/2023,,Not Started,"37.291537112602214, -21.725198988800564"
154,Flood Risk (Rivers) Better Protected,Hectare (ha),512,360,461,Source_3,Jessica Nelson MD,24/04/2023,19/07/2023,08/07/2023,Weekly,G,Project_Echo,25/06/2023,,In-Progress,"34.708088715524596, -24.155882679895942"
155,Non-Residential Area (Utility) - Telecom Structures Enhanced,Number,130,144,52,Source_3,Johnny Hernandez DDS,01/01/2023,30/05/2023,23/05/2023,Monthly,G,Project_Bravo,27/06/2023,,Completion,"31.8029568467574, -27.996844854580576"
156,Non-Residential Area (Commerce) - Shops Better Protected,Number,215,144,157,Source_3,Johnny Hernandez DDS,19/01/2023,16/03/2023,18/03/2023,Weekly,G,Project_Bravo,20/06/2023,,Completion,"31.815773766624382, -27.566559621764323"
157,Non-Residential Area (Public Services) - Police Stations Better Protected,Number,3,2,1,Source_3,Samuel Curry,30/12/2022,28/10/2023,08/11/2023,Monthly,G,Project_Foxtrot,05/07/2023,,Completion,"35.61736232134537, -23.95338636237438"
158,Non-Residential Area (Commerce) - Shops Created,Number,215,144,80,Source_3,Marcus Calderon,23/10/2022,16/03/2023,18/03/2023,Monthly,G,Project_Echo,02/07/2023,,Completion,"34.72043087861878, -24.548910936009555"
159,Local Community - Minorty Population and Inclusivity Enhanced,Pounds [Thousands] per person (£k / person),228,360,212,Source_2,Laura Turner,20/04/2023,14/11/2023,29/08/2023,Fortnightly,G,Project_Delta,21/06/2023,,In-Progress,"33.01453006797057, -25.115577673786444"
160,Biodiversity - Forests Better Protected,Hectare (ha),245,540,433,Source_1,Ana Jones,29/12/2022,16/05/2023,25/03/2023,Fortnightly,G,Project_Golf,20/06/2023,,Completion,"36.87422776981833, -22.6552933734212"
161,Non-Residential Area (Utility) - Water and Sewage Treatment Buildings Enhanced,Number,10,8,3,Source_1,Madison Bennett,15/07/2023,08/11/2023,16/12/2023,Weekly,R,Project_Charlie,23/06/2023,,Not Started,"32.98313237298417, -26.43704264700788"
162,Transport - Railway Lines Enhanced,Kilometre (km),307,216,283,Source_1,Kenneth Shields,10/02/2023,28/04/2023,09/03/2023,Monthly,G,Project_Alpha,23/06/2023,,Completion,"30.119498717214693, -28.263482513638674"
163,Local Economy Enhanced,Pounds [Thousands] (£k),149,360,91,Source_2,Laura Turner,22/04/2023,10/06/2023,01/06/2023,Weekly,G,Project_Delta,21/06/2023,,Completion,"33.494917781053715, -25.815353449385952"
164,Local Community - Physical health Better Protected,Pounds [Thousands] per person (£k / person),306,360,409,Source_1,Johnny Hernandez DDS,13/04/2023,06/05/2023,16/06/2023,Fortnightly,G,Project_Bravo,26/06/2023,,In-Progress,"31.322066119361818, -27.997728261200166"
165,Transport - Local Roads Enhanced,Kilometre (km),437,360,273,Source_1,Kenneth Shields,19/01/2023,16/06/2023,16/05/2023,Weekly,G,Project_Alpha,22/06/2023,,Completion,"30.525600369748094, -28.686087837659052"
166,Non-Residential Area (Transport) - Train Stations Better Protected,Number,15,11,8,Source_2,Ana Jones,11/01/2023,22/01/2023,18/01/2023,Weekly,G,Project_Golf,22/06/2023,,Completion,"36.891268027310915, -22.54846386537083"
167,Financial Damages (Environmental) Reduced,Pounds [Thousands] (£k),204,144,196,Source_2,Lori Perez,02/04/2023,11/11/2023,21/10/2023,Fortnightly,G,Project_Charlie,30/06/2023,,In-Progress,"32.377056829281756, -26.617438670827596"
168,Non-Residential Area (Public Services) - Schools (Secondary) Created,Number,3,2,1,Source_1,Ana Jones,09/01/2023,03/07/2023,13/06/2023,Daily,A,Project_Golf,19/06/2023,,In-Progress,"36.990948289230886, -22.888893326987446"
169,Flood Risk (Rivers) Better Protected,Hectare (ha),512,360,451,Source_4,Juan Ramirez,27/02/2023,19/07/2023,08/07/2023,Monthly,A,Project_Hotel,08/07/2023,,In-Progress,"37.88084439732238, -21.989623169700284"
170,Non-Residential Area (Public Services) - Schools (Secondary) Enhanced,Number,3,2,2,Source_1,Cody Gardner,14/11/2022,03/07/2023,13/06/2023,Monthly,G,Project_Echo,03/07/2023,,Completion,"34.163767402126375, -24.47167566719676"
171,Non-Residential Area (Transport) - Bus Stations Better Protected,Number,69,58,32,Source_2,Johnny Hernandez DDS,08/08/2023,14/10/2023,30/09/2023,Fortnightly,R,Project_Bravo,29/06/2023,,Not Started,"31.398059767514592, -27.023901444428866"
172,Residential Area - Houses Better Protected,Number,4114,3600,4081,Source_2,Lori Perez,07/05/2023,09/09/2023,08/10/2023,Fortnightly,G,Project_Charlie,27/06/2023,,In-Progress,"32.36829889873871, -26.38117146624128"
173,Residential Area - Mixed Created,Number,4316,5040,1506,Source_2,Andrew Valentine,01/05/2023,05/07/2023,15/06/2023,Weekly,A,Project_Bravo,21/06/2023,,In-Progress,"31.092139228840743, -27.862543474702107"
174,Biodiversity - Rivers Better Protected,Kilometre (km),364,432,441,Source_2,Larry Sullivan,26/03/2023,09/12/2023,27/11/2023,Quarterly,G,Project_Alpha,08/09/2023,,Completion,"30.404296541028774, -28.9043678526768"
175,Non-Residential Area (Public Services) - Nurseries Better Protected,Number,4,4,1,Source_3,Meredith Abbott,25/10/2022,05/01/2023,23/12/2022,Weekly,G,Project_Foxtrot,22/06/2023,,Completion,"35.29738258189207, -23.709436545423475"
176,Heritage - Listed Building Better Protected,Number,0,1,1,Source_1,Samuel Curry,21/11/2022,16/05/2023,05/05/2023,Monthly,G,Project_Foxtrot,07/07/2023,,Completion,"35.92734364247948, -23.8296326811172"
177,Non-Residential Area (Public Services) - Police Stations Created,Number,3,2,0,Source_2,Madison Bennett,31/03/2023,28/10/2023,08/11/2023,Weekly,G,Project_Charlie,19/06/2023,,In-Progress,"32.74403023697585, -26.229791555653392"
178,Local Community - Minorty Population and Inclusivity Enhanced,Pounds [Thousands] per person (£k / person),228,360,202,Source_3,Andrew Valentine,14/05/2023,14/11/2023,29/08/2023,Fortnightly,G,Project_Bravo,30/06/2023,,In-Progress,"31.623930889351087, -27.008335806792356"
179,Residential Area - Flats Better Protected,Number,1741,3240,3689,Source_2,Alexis Hernandez,02/01/2023,23/06/2023,08/08/2023,Fortnightly,G,Project_Charlie,02/07/2023,,In-Progress,"32.463252823783336, -26.248666109639707"
180,Non-Residential Area (Commerce) - Leisure Centres Better Protected,Number,6,6,1,Source_1,Samuel Curry,18/02/2023,01/06/2023,07/03/2023,Monthly,G,Project_Foxtrot,11/07/2023,,Completion,"35.51728413577862, -23.211947333070942"
181,Non-Residential Area (Transport) - Train Stations Better Protected,Number,15,11,0,Source_1,Madison Bennett,02/01/2023,22/01/2023,18/01/2023,Quarterly,G,Project_Charlie,25/08/2023,,Completion,"32.69665138327802, -26.18554847826804"
182,Residential Area - Mobile Homes Better Protected,Number,824,1080,62,Source_5,Juan Ramirez,19/11/2022,07/11/2023,05/11/2023,Weekly,G,Project_Hotel,23/06/2023,,In-Progress,"37.67205026178294, -21.90271399209829"
183,Transport - Railway Lines Enhanced,Kilometre (km),307,216,136,Source_1,Ana Jones,09/01/2023,28/04/2023,09/03/2023,Fortnightly,G,Project_Golf,30/06/2023,,Completion,"36.25587317415189, -22.93517168302182"
184,Non-Residential Area (Industry) - Offices Created,Number,127,216,83,Source_1,Tonya Rodriguez,08/02/2023,24/02/2023,07/03/2023,Quarterly,G,Project_Golf,25/06/2023,,Completion,"36.869429915295925, -22.64109837223301"
185,Non-Residential Area (Utility) - Power and Sub-Station Structures Enhanced,Number,9,15,6,Source_1,Madison Bennett,08/09/2023,22/12/2023,20/11/2023,Monthly,R,Project_Charlie,13/07/2023,,Not Started,"32.67051730447889, -26.12460946644263"
186,Residential Area - Houses Better Protected,Number,4114,3600,3633,Source_2,Ana Jones,19/05/2023,09/09/2023,08/10/2023,Weekly,G,Project_Golf,25/06/2023,,In-Progress,"36.629889518803125, -22.38119989589774"
187,Non-Residential Area (Commerce) - Sports Centres Enhanced,Number,5,3,3,Source_2,Larry Sullivan,10/09/2023,16/10/2023,13/09/2023,Weekly,R,Project_Alpha,20/06/2023,,Not Started,"30.900365879942175, -28.52992021454956"
188,Non-Residential Area (Public Services) - GP Surgeries Enhanced,Number,3,3,0,Source_3,Samuel Curry,13/12/2022,17/09/2023,24/10/2023,Fortnightly,G,Project_Foxtrot,23/06/2023,,Completion,"35.200393734553465, -23.724805647040807"
189,Non-Residential Area (Utility) - Power and Sub-Station Structures Better Protected,Number,9,15,10,Source_2,Brianna Little,15/07/2023,22/12/2023,20/11/2023,Fortnightly,R,Project_Delta,20/06/2023,,Not Started,"33.86388495682714, -25.844798591319595"
190,Non-Residential Area (Public Services) - Schools (Primary) Created,Number,0,3,3,Source_1,Rachel Smith,06/04/2023,09/08/2023,21/07/2023,Fortnightly,G,Project_Charlie,27/06/2023,,Completion,"32.67952395424666, -26.610114875067623"
191,Non-Residential Area (Industry) - Offices Created,Number,127,216,182,Source_2,Alexis Hernandez,04/01/2023,24/02/2023,07/03/2023,Daily,G,Project_Charlie,19/06/2023,,Completion,"32.6281558350688, -26.916869684020593"
192,Non-Residential Area (Public Services) - Fire Stations Better Protected,Number,3,2,2,Source_1,Evelyn Guzman,25/04/2023,24/07/2023,25/09/2023,Monthly,G,Project_Foxtrot,01/07/2023,,In-Progress,"35.06699661860084, -23.03689228279736"
193,Non-Residential Area (Public Services) - Hospitals Better Protected,Number,0,3,2,Source_2,Mariah Sweeney,31/03/2023,07/11/2023,19/09/2023,Weekly,G,Project_Hotel,21/06/2023,,In-Progress,"37.551440775055305, -21.25644255163771"
194,Heritage - Listed Building Better Protected,Number,0,1,0,Source_1,Johnny Hernandez DDS,21/01/2023,16/05/2023,05/05/2023,Quarterly,G,Project_Bravo,12/09/2023,,Completion,"31.235525999230834, -27.059791326014082"
195,Non-Residential Area (Utility) - Power and Sub-Station Structures Better Protected,Number,9,15,3,Source_2,James Walters,13/10/2023,22/12/2023,20/11/2023,Fortnightly,R,Project_Foxtrot,25/06/2023,,Not Started,"35.26887971069786, -23.01821838590933"
196,Non-Residential Area (Industry) - Warehouses Enhanced,Number,46,36,41,Source_2,Evelyn Guzman,27/12/2022,21/08/2023,23/10/2023,Fortnightly,G,Project_Foxtrot,25/06/2023,,In-Progress,"35.637894240319625, -23.539317362847324"
197,Non-Residential Area (Transport) - Ports and Harbours Better Protected,Number,0,2,2,Source_2,Rachel Smith,08/06/2023,26/10/2023,19/11/2023,Monthly,G,Project_Charlie,19/06/2023,,In-Progress,"32.227080298502706, -26.96539319513979"
198,Non-Residential Area (Transport) - Train Stations Created,Number,15,11,13,Source_3,Andrew Valentine,01/01/2023,22/01/2023,18/01/2023,Weekly,G,Project_Bravo,22/06/2023,,Completion,"31.1576968084913, -27.386252857858306"
199,Local Economy Enhanced,Pounds [Thousands] (£k),149,360,74,Source_1,Tonya Rodriguez,01/04/2023,10/06/2023,01/06/2023,Fortnightly,R,Project_Golf,01/07/2023,,In-Progress,"36.85045724431748, -22.018786590150352"
200,Residential Area - Mixed Better Protected,Number,4316,5040,605,Source_1,Jessica Nelson MD,31/05/2023,05/07/2023,15/06/2023,Weekly,A,Project_Echo,19/06/2023,,In-Progress,"34.06524238638611, -24.80394026296736"
201,Non-Residential Area (Commerce) - Shops Better Protected,Number,215,144,32,Source_1,Brianna Little,10/11/2022,16/03/2023,18/03/2023,Weekly,G,Project_Delta,25/06/2023,,Completion,"33.64929556919618, -25.660614372595493"
202,Non-Residential Area (Public Services) - Libraries Enhanced,Number,7,6,0,Source_1,Rodney Moore PhD,08/11/2022,19/06/2023,09/07/2023,Fortnightly,G,Project_Alpha,30/06/2023,,Completion,"30.850997375507742, -28.143757561872274"
203,Non-Residential Area (Public Services) - Post Offices Enhanced,Number,9,8,1,Source_1,Tonya Rodriguez,26/05/2023,13/08/2023,22/09/2023,Daily,G,Project_Golf,19/06/2023,,In-Progress,"36.17994677476508, -22.26926776384285"
204,Residential Area - Flats Enhanced,Number,1741,3240,3942,Source_1,Samuel Curry,19/10/2022,23/06/2023,08/08/2023,Fortnightly,G,Project_Foxtrot,21/06/2023,,In-Progress,"35.71880645132303, -23.886071564052845"
205,Non-Residential Area (Utility) - Telecom Structures Created,Number,130,144,124,Source_2,Larry Sullivan,02/04/2023,30/05/2023,23/05/2023,Fortnightly,R,Project_Alpha,29/06/2023,,In-Progress,"30.977752489779025, -28.051282466014776"
206,Non-Residential Area (Public Services) - Hospitals Enhanced,Number,0,3,0,Source_2,Brittney Johnson,01/03/2023,07/11/2023,19/09/2023,Weekly,G,Project_Charlie,19/06/2023,,In-Progress,"32.32229287844945, -26.72574171133324"
207,Heritage - Listed Building Better Protected,Number,0,1,1,Source_1,Brandon Wood,24/04/2023,16/05/2023,05/05/2023,Monthly,G,Project_Golf,10/07/2023,,Completion,"36.668135050233936, -22.938884560521682"
208,Non-Residential Area (Utility) - Oil and Gas Storage and Distribution Buildings Enhanced,Number,8,8,1,Source_5,Mrs. Amy Roberts,01/05/2023,04/12/2023,11/11/2023,Monthly,G,Project_Hotel,09/07/2023,,In-Progress,"37.40754760872837, -21.455978067405727"
209,Non-Residential Area (Public Services) - Nurseries Enhanced,Number,4,4,2,Source_3,Juan Ramirez,14/11/2022,05/01/2023,23/12/2022,Weekly,G,Project_Hotel,19/06/2023,,Completion,"37.41855622357134, -21.831544287894097"
210,Financial Damages (Environmental) Reduced,Pounds [Thousands] (£k),204,144,53,Source_4,Melissa Reyes,06/06/2023,11/11/2023,21/10/2023,Weekly,G,Project_Hotel,21/06/2023,,In-Progress,"37.6457677879453, -21.72109829834718"
211,Non-Residential Area (Commerce) - Sports Centres Enhanced,Number,5,3,1,Source_2,Meredith Abbott,18/08/2023,16/10/2023,13/09/2023,Fortnightly,R,Project_Foxtrot,20/06/2023,,Not Started,"35.10652918445378, -23.429219756756755"
212,Transport - Cycle Paths Enhanced,Kilometre (km),279,288,182,Source_1,Ana Jones,23/02/2023,28/08/2023,26/07/2023,Fortnightly,G,Project_Golf,23/06/2023,,Completion,"36.16745453881397, -22.96300074447366"
213,Non-Residential Area (Utility) - Water and Sewage Treatment Buildings Created,Number,10,8,8,Source_1,Tonya Rodriguez,21/04/2023,08/11/2023,16/12/2023,Fortnightly,G,Project_Golf,23/06/2023,,In-Progress,"36.73469307704999, -22.291560175572705"
214,Non-Residential Area (Transport) - Bus Stations Created,Number,69,58,36,Source_1,Ana Jones,15/09/2023,14/10/2023,30/09/2023,Fortnightly,R,Project_Golf,21/06/2023,,Not Started,"36.198492460991716, -22.982444557302014"
215,Transport - Cycle Paths Enhanced,Kilometre (km),279,288,214,Source_5,Juan Ramirez,04/02/2023,28/08/2023,26/07/2023,Monthly,G,Project_Hotel,30/06/2023,,Completion,"37.684830881740695, -21.738916841962773"
216,Non-Residential Area (Public Services) - Schools (Secondary) Enhanced,Number,3,2,2,Source_3,Tracey King,18/03/2023,03/07/2023,13/06/2023,Weekly,G,Project_Bravo,21/06/2023,,Completion,"31.618857379975115, -27.36458173522176"
217,Non-Residential Area (Administrative) - Administrative Buildings Enhanced,Number,4,3,3,Source_2,Tracey King,03/01/2023,01/03/2023,18/02/2023,Fortnightly,G,Project_Bravo,22/06/2023,,Completion,"31.266351963348658, -27.9171508338253"
218,Residential Area - Mixed Created,Number,4316,5040,752,Source_1,Samuel Curry,03/05/2023,05/07/2023,15/06/2023,Weekly,A,Project_Foxtrot,19/06/2023,,In-Progress,"35.73310276851878, -23.938624382580585"
219,Non-Residential Area (Public Services) - Schools (Primary) Better Protected,Number,0,3,2,Source_2,Rodney Moore PhD,16/03/2023,09/08/2023,21/07/2023,Daily,G,Project_Alpha,19/06/2023,,Completion,"30.854087690801695, -28.017930652112085"
220,Local Community - Physical health Enhanced,Pounds [Thousands] per person (£k / person),306,360,316,Source_2,Ana Jones,11/01/2023,06/05/2023,16/06/2023,Quarterly,G,Project_Golf,10/07/2023,,Completion,"36.52249019872734, -22.435032323044368"
221,Non-Residential Area (Utility) - Telecom Structures Enhanced,Number,130,144,181,Source_2,Meredith Abbott,07/03/2023,30/05/2023,23/05/2023,Quarterly,G,Project_Foxtrot,09/08/2023,,Completion,"35.45715449165644, -23.98223522965126"
222,Local Community - Disadvantaged Population Enhanced,Pounds [Thousands] per person (£k / person),260,360,206,Source_1,Darius Hernandez,11/03/2023,03/09/2023,25/07/2023,Weekly,G,Project_Delta,20/06/2023,,In-Progress,"33.77271345869029, -25.811490845653488"
223,Non-Residential Area (Transport) - Bus Stations Created,Number,69,58,63,Source_4,Mrs. Amy Roberts,05/09/2023,14/10/2023,30/09/2023,Monthly,R,Project_Hotel,16/07/2023,,Not Started,"37.1051813668468, -21.22268660203506"
224,Flood Risk (Coastal) Better Protected,Hectare (ha),370,288,24,Source_3,Marcus Calderon,26/08/2023,05/12/2023,27/11/2023,Fortnightly,R,Project_Echo,22/06/2023,,Not Started,"34.132533350398354, -24.901902814260254"
225,Non-Residential Area (Commerce) - Sports Centres Created,Number,5,3,4,Source_1,Brianna Little,28/07/2023,16/10/2023,13/09/2023,Fortnightly,R,Project_Delta,30/06/2023,,Not Started,"33.29245292170227, -25.812359335035918"
226,Non-Residential Area (Public Services) - Nurseries Better Protected,Number,4,4,2,Source_1,Ana Jones,22/12/2022,05/01/2023,23/12/2022,Fortnightly,G,Project_Golf,19/06/2023,,Completion,"36.6870209362493, -22.60070669443613"
227,Non-Residential Area (Public Services) - Schools (Primary) Created,Number,0,3,1,Source_1,James Walters,13/07/2023,09/08/2023,21/07/2023,Weekly,R,Project_Foxtrot,21/06/2023,,Not Started,"35.34507584588209, -23.741878698182024"
228,Residential Area - Houses Enhanced,Number,4114,3600,3469,Source_2,Larry Sullivan,05/04/2023,09/09/2023,08/10/2023,Daily,G,Project_Alpha,19/06/2023,,In-Progress,"30.87479040117626, -28.47369996589568"
229,Non-Residential Area (Utility) - Oil and Gas Storage and Distribution Buildings Enhanced,Number,8,8,8,Source_1,Rodney Moore PhD,16/05/2023,04/12/2023,11/11/2023,Quarterly,G,Project_Alpha,20/06/2023,,In-Progress,"30.50501086957678, -28.065837941404645"
230,Non-Residential Area (Public Services) - Post Offices Enhanced,Number,9,8,1,Source_3,Darius Hernandez,22/06/2023,13/08/2023,22/09/2023,Weekly,A,Project_Delta,19/06/2023,,Not Started,"33.31112611664169, -25.440919960842848"
231,Transport - Local Roads Enhanced,Kilometre (km),437,360,487,Source_1,Laura Turner,07/03/2023,16/06/2023,16/05/2023,Monthly,G,Project_Delta,10/07/2023,,In-Progress,"33.705865349449866, -25.611532161451958"
232,Flood Risk (Rivers) Better Protected,Hectare (ha),512,360,76,Source_1,Lori Perez,20/12/2022,19/07/2023,08/07/2023,Daily,G,Project_Charlie,19/06/2023,,Completion,"32.34162422807232, -26.851492035222414"
233,Residential Area - Mixed Better Protected,Number,4316,5040,1407,Source_1,Darius Hernandez,07/04/2023,05/07/2023,15/06/2023,Quarterly,R,Project_Delta,23/07/2023,,In-Progress,"33.792564683781, -25.60009329457572"
234,Non-Residential Area (Transport) - Ports and Harbours Better Protected,Number,0,2,1,Source_1,Meredith Abbott,14/09/2023,26/10/2023,19/11/2023,Weekly,R,Project_Foxtrot,21/06/2023,,Not Started,"35.81208799478919, -23.597107731191244"
235,Financial Damages (Lost Opportunity) Reduced,Pounds [Thousands] (£k),217,144,169,Source_3,Andrew Valentine,26/06/2023,30/12/2023,21/11/2023,Weekly,R,Project_Bravo,25/06/2023,,Not Started,"31.614820778293588, -27.092163173420435"
236,Non-Residential Area (Public Services) - Schools (Secondary) Enhanced,Number,3,2,1,Source_2,Rodney Moore PhD,11/04/2023,03/07/2023,13/06/2023,Weekly,A,Project_Alpha,22/06/2023,,In-Progress,"30.103918782011796, -28.02040400077738"
237,Heritage - Conservation Area Enhanced,Hectare (ha),4936,3600,4616,Source_1,Mckenzie Browning,29/09/2023,23/10/2023,03/12/2023,Fortnightly,R,Project_Delta,29/06/2023,,Not Started,"33.43198550770001, -25.35208700386169"
238,Non-Residential Area (Public Services) - Hospitals Created,Number,0,3,3,Source_1,Rodney Moore PhD,06/09/2023,07/11/2023,19/09/2023,Weekly,R,Project_Alpha,21/06/2023,,Not Started,"30.25961468912823, -28.925729006200456"
239,Heritage - Conservation Area Enhanced,Hectare (ha),4936,3600,4193,Source_1,Brittney Johnson,13/08/2023,23/10/2023,03/12/2023,Monthly,A,Project_Charlie,19/06/2023,,Not Started,"32.44960896566767, -26.38357596885682"
240,Non-Residential Area (Public Services) - Schools (Primary) Enhanced,Number,0,3,2,Source_1,Johnny Hernandez DDS,12/07/2023,09/08/2023,21/07/2023,Monthly,R,Project_Bravo,21/06/2023,,Not Started,"31.139226040351566, -27.051173944287893"
241,Non-Residential Area (Public Services) - Libraries Enhanced,Number,7,6,0,Source_2,Brandon Wood,09/03/2023,19/06/2023,09/07/2023,Weekly,A,Project_Golf,23/06/2023,,In-Progress,"36.46148105327914, -22.185515524059046"
242,Biodiversity - Coastal Better Protected,Hectare (ha),489,576,131,Source_3,Andrew Valentine,12/01/2023,26/08/2023,20/08/2023,Fortnightly,G,Project_Bravo,25/06/2023,,Completion,"31.95083902753684, -27.300484373401805"
243,Non-Residential Area (Public Services) - Fire Stations Created,Number,3,2,2,Source_2,Kenneth Shields,18/02/2023,24/07/2023,25/09/2023,Monthly,G,Project_Alpha,01/07/2023,,Completion,"30.817400223482178, -28.77288606320117"
244,Non-Residential Area (Commerce) - Shops Created,Number,215,144,133,Source_2,Rachel Smith,28/02/2023,16/03/2023,18/03/2023,Daily,G,Project_Charlie,19/06/2023,,Completion,"32.48431574933118, -26.69300801762586"
245,Financial Damages (Lost Opportunity) Reduced,Pounds [Thousands] (£k),217,144,10,Source_2,Kenneth Shields,17/01/2023,30/12/2023,21/11/2023,Weekly,G,Project_Alpha,23/06/2023,,In-Progress,"30.949426462886358, -28.74002243038307"
246,Heritage - Listed Building Better Protected,Number,0,1,1,Source_3,Juan Ramirez,20/03/2023,16/05/2023,05/05/2023,Fortnightly,G,Project_Hotel,23/06/2023,,Completion,"37.87265010030268, -21.801701631747743"
247,Non-Residential Area (Commerce) - Swimming Pools Better Protected,Number,5,3,1,Source_1,Lori Perez,17/02/2023,24/06/2023,07/07/2023,Quarterly,G,Project_Charlie,12/09/2023,,Completion,"32.71068303454407, -26.98686236549584"
248,Flood Risk (Coastal) Better Protected,Hectare (ha),370,288,10,Source_1,Tracey King,12/06/2023,05/12/2023,27/11/2023,Fortnightly,G,Project_Bravo,23/06/2023,,In-Progress,"31.421924157767858, -27.728020826015516"
249,Financial Damages (Lost Opportunity) Reduced,Pounds [Thousands] (£k),217,144,26,Source_1,Ana Jones,23/01/2023,30/12/2023,21/11/2023,Quarterly,G,Project_Golf,05/09/2023,,Completion,"36.14184785515539, -22.9292620770399"
250,Financial Damages (Environmental) Reduced,Pounds [Thousands] (£k),204,144,87,Source_1,Brandon Wood,16/01/2023,11/11/2023,21/10/2023,Fortnightly,G,Project_Golf,21/06/2023,,Completion,"36.02172677168562, -22.250982499407854"
